log_id,timestamp,user_id,action,status_code
101,2023-10-27 10:00:00,user_1,LOGIN,200
102,2023-10-27 10:05:00,user_2,PURCHASE,200
103,2023-10-27 10:10:00,user_1,LOGOUT,200
104,2023-10-27 10:15:00,user_3,LOGIN,200
105,2023-10-27 10:20:00,user_3,UPLOAD_ERROR,500
106,2023-10-27 10:25:00,user_2,LOGIN,200
107,2023-10-27 10:30:00,,LOGIN,401
108,2023-10-27 10:35:00,user_4,login,200
109,2023-10-27 10:40:00,user_5,DELETE,403
110,2023-10-27 10:45:00,user_1,view_page,200
108,2023-10-27 10:35:00,user_4,login,200
109,2023-10-27 10:40:00,user_5,DELETE,403
110,2023-10-27 10:45:00,user_1,view_page,200
111,2023-10-27 10:50:00,user_2,PURCHASE,200
112,2023-10-27 10:55:00,user_6,LOGIN,200
113,2023-10-27 11:00:00,user_3,UPDATE_PROFILE,200
114,2023-10-27 11:05:00,user_7,LOGIN,500
115,2023-10-27 11:10:00,user_1,LOGOUT,200
116,2023-10-27 11:15:00,user_8,LOGIN,200
117,2023-10-27 11:20:00,,LOGIN,401
118,2023-10-27 11:25:00,user_9,VIEW_PRODUCT,200
119,2023-10-27 11:30:00,user_2,CHECKOUT,200
120,2023-10-27 11:35:00,user_10,LOGIN,200
121,2023-10-27 11:40:00,user_5,VIEW_PRODUCT,200
122,2023-10-27 11:45:00,user_3,LOGOUT,200
123,2023-10-27 11:50:00,user_11,LOGIN,200
124,2023-10-27 11:55:00,user_4,PURCHASE,200
125,2023-10-27 12:00:00,user_12,LOGIN,500
126,2023-10-27 12:05:00,user_6,VIEW_PRODUCT,200
127,2023-10-27 12:10:00,user_2,LOGOUT,200
128,2023-10-27 12:15:00,,PURCHASE,403
129,2023-10-27 12:20:00,user_13,LOGIN,200
130,2023-10-27 12:25:00,user_1,LOGIN,200
131,2023-10-27 12:30:00,user_5,DELETE,200
132,2023-10-27 12:35:00,user_14,LOGIN,200
133,2023-10-27 12:40:00,user_7,LOGOUT,200
134,2023-10-27 12:45:00,user_3,LOGIN,200
135,2023-10-27 12:50:00,user_15,UPLOAD_FILE,200
136,2023-10-27 12:55:00,user_8,LOGOUT,200
137,2023-10-27 13:00:00,user_16,LOGIN,200
138,2023-10-27 13:05:00,user_2,VIEW_PRODUCT,200
139,2023-10-27 13:10:00,,LOGIN,401
140,2023-10-27 13:15:00,user_17,LOGIN,200
141,2023-10-27 13:20:00,user_4,LOGOUT,200
142,2023-10-27 13:25:00,user_18,LOGIN,200
143,2023-10-27 13:30:00,user_6,PURCHASE,200
144,2023-10-27 13:35:00,user_19,LOGIN,200
145,2023-10-27 13:40:00,user_1,VIEW_PRODUCT,200
146,2023-10-27 13:45:00,user_20,LOGIN,200
147,2023-10-27 13:50:00,user_3,LOGOUT,200
148,2023-10-27 13:55:00,user_21,LOGIN,200
149,2023-10-27 14:00:00,user_5,PURCHASE,500
150,2023-10-27 14:05:00,user_10,LOGOUT,200
151,2023-10-27 14:10:00,user_48,DELETE,200
152,2023-10-27 14:10:02,user_276,PURCHASE,200
153,2023-10-27 14:10:04,user_245,delete,403
154,2023-10-27 14:10:06,user_388,DELETE,400
155,2023-10-27 14:10:08,user_476,upload_error,401
156,2023-10-27 14:10:10,user_164,view_product,200
157,2023-10-27 14:10:12,user_63,LOGOUT,200
158,2023-10-27 14:10:14,user_324,upload_error,201
159,2023-10-27 14:10:16,user_280,DELETE,200
160,2023-10-27 14:10:18,user_258,view_product,201
161,2023-10-27 14:10:20,user_101,view_product,200
162,2023-10-27 14:10:22,user_337,UPDATE_PROFILE,200
163,2023-10-27 14:10:24,user_265,PURCHASE,401
164,2023-10-27 14:10:26,user_224,DELETE,500
165,2023-10-27 14:10:28,user_470,PURCHASE,500
166,2023-10-27 14:10:30,user_293,UPLOAD_ERROR,500
167,2023-10-27 14:10:32,user_436,LOGIN,200
168,2023-10-27 14:10:34,user_390,UPLOAD_ERROR,500
169,2023-10-27 14:10:36,user_366,login,403
170,2023-10-27 14:10:38,user_197,UPLOAD_ERROR,201
171,2023-10-27 14:10:40,user_418,purchase,201
172,2023-10-27 14:10:42,user_3,VIEW_PRODUCT,200
173,2023-10-27 14:10:44,user_87,VIEW_PRODUCT,400
174,2023-10-27 14:10:46,user_260,view_product,201
175,2023-10-27 14:10:48,user_324,login,500
176,2023-10-27 14:10:50,user_306,VIEW_PRODUCT,403
177,2023-10-27 14:10:52,user_4,logout,500
178,2023-10-27 14:10:54,user_173,VIEW_PRODUCT,200
179,2023-10-27 14:10:56,user_15,UPDATE_PROFILE,400
180,2023-10-27 14:10:58,user_264,UPDATE_PROFILE,500
181,2023-10-27 14:11:00,user_456,update_profile,401
182,2023-10-27 14:11:02,user_290,PURCHASE,200
183,2023-10-27 14:11:04,user_235,login,401
184,2023-10-27 14:11:06,user_295,DELETE,201
185,2023-10-27 14:11:08,user_338,UPDATE_PROFILE,201
186,2023-10-27 14:11:10,user_119,view_product,200
187,2023-10-27 14:11:12,user_427,LOGOUT,500
188,2023-10-27 14:11:14,user_492,LOGOUT,401
189,2023-10-27 14:11:16,user_273,view_product,200
190,2023-10-27 14:11:18,user_197,login,400
191,2023-10-27 14:11:20,user_205,update_profile,200
192,2023-10-27 14:11:22,user_176,login,500
193,2023-10-27 14:11:24,user_241,VIEW_PRODUCT,200
194,2023-10-27 14:11:26,,DELETE,200
195,2023-10-27 14:11:28,user_112,LOGIN,200
196,2023-10-27 14:11:30,user_456,upload_error,403
197,2023-10-27 14:11:32,user_152,view_product,401
198,2023-10-27 14:11:34,user_281,update_profile,201
199,2023-10-27 14:11:36,user_253,LOGOUT,200
200,2023-10-27 14:11:38,user_14,LOGOUT,500
201,2023-10-27 14:11:40,user_280,UPLOAD_ERROR,403
202,2023-10-27 14:11:42,user_97,DELETE,201
203,2023-10-27 14:11:44,user_346,upload_error,400
204,2023-10-27 14:11:46,user_106,delete,201
205,2023-10-27 14:11:48,user_40,login,201
206,2023-10-27 14:11:50,user_366,LOGIN,403
207,2023-10-27 14:11:52,user_209,PURCHASE,200
208,2023-10-27 14:11:54,user_65,UPDATE_PROFILE,200
209,2023-10-27 14:11:56,user_162,DELETE,400
210,2023-10-27 14:11:58,,delete,400
211,2023-10-27 14:12:00,user_218,PURCHASE,400
212,2023-10-27 14:12:02,user_108,upload_error,401
213,2023-10-27 14:12:04,user_379,login,200
214,2023-10-27 14:12:06,user_469,LOGOUT,200
215,2023-10-27 14:12:08,user_227,UPLOAD_ERROR,200
216,2023-10-27 14:12:10,user_1,UPDATE_PROFILE,200
217,2023-10-27 14:12:12,user_320,DELETE,500
218,2023-10-27 14:12:14,user_458,upload_error,500
219,2023-10-27 14:12:16,user_471,VIEW_PRODUCT,200
220,2023-10-27 14:12:18,user_190,LOGIN,200
221,2023-10-27 14:12:20,user_322,LOGOUT,200
222,2023-10-27 14:12:22,user_493,logout,400
223,2023-10-27 14:12:24,user_28,LOGIN,403
224,2023-10-27 14:12:26,user_136,delete,200
225,2023-10-27 14:12:28,user_128,PURCHASE,401
226,2023-10-27 14:12:30,user_77,update_profile,200
227,2023-10-27 14:12:32,,PURCHASE,403
228,2023-10-27 14:12:34,user_205,purchase,500
229,2023-10-27 14:12:36,user_385,PURCHASE,200
230,2023-10-27 14:12:38,,LOGOUT,200
231,2023-10-27 14:12:40,user_83,VIEW_PRODUCT,201
232,2023-10-27 14:12:42,user_386,purchase,400
233,2023-10-27 14:12:44,user_411,PURCHASE,500
234,2023-10-27 14:12:46,user_226,UPLOAD_ERROR,200
235,2023-10-27 14:12:48,user_191,update_profile,200
236,2023-10-27 14:12:50,user_251,VIEW_PRODUCT,200
237,2023-10-27 14:12:52,user_10,DELETE,500
238,2023-10-27 14:12:54,,LOGOUT,500
239,2023-10-27 14:12:56,user_25,logout,403
240,2023-10-27 14:12:58,user_396,LOGIN,403
241,2023-10-27 14:13:00,user_312,LOGIN,201
242,2023-10-27 14:13:02,user_86,purchase,400
243,2023-10-27 14:13:04,user_181,VIEW_PRODUCT,200
244,2023-10-27 14:13:06,user_193,purchase,200
245,2023-10-27 14:13:08,user_349,LOGIN,500
246,2023-10-27 14:13:10,user_25,UPDATE_PROFILE,200
247,2023-10-27 14:13:12,user_287,LOGIN,200
248,2023-10-27 14:13:14,user_90,DELETE,200
249,2023-10-27 14:13:16,user_353,login,200
250,2023-10-27 14:13:18,user_452,PURCHASE,200
251,2023-10-27 14:13:20,user_354,LOGOUT,400
252,2023-10-27 14:13:22,user_334,logout,200
253,2023-10-27 14:13:24,user_398,logout,403
254,2023-10-27 14:13:26,user_480,VIEW_PRODUCT,200
255,2023-10-27 14:13:28,,purchase,400
256,2023-10-27 14:13:30,user_150,update_profile,201
257,2023-10-27 14:13:32,user_130,logout,200
258,2023-10-27 14:13:34,user_156,PURCHASE,200
259,2023-10-27 14:13:36,user_389,update_profile,500
260,2023-10-27 14:13:38,user_446,login,200
261,2023-10-27 14:13:40,user_294,purchase,201
262,2023-10-27 14:13:42,user_278,LOGOUT,201
263,2023-10-27 14:13:44,user_94,logout,201
264,2023-10-27 14:13:46,user_168,delete,400
265,2023-10-27 14:13:48,user_112,UPDATE_PROFILE,200
266,2023-10-27 14:13:50,user_306,VIEW_PRODUCT,200
267,2023-10-27 14:13:52,user_19,delete,500
268,2023-10-27 14:13:54,user_302,VIEW_PRODUCT,200
269,2023-10-27 14:13:56,user_263,UPDATE_PROFILE,400
270,2023-10-27 14:13:58,user_370,UPDATE_PROFILE,200
271,2023-10-27 14:14:00,user_326,LOGIN,401
272,2023-10-27 14:14:02,user_52,LOGOUT,201
273,2023-10-27 14:14:04,user_396,LOGIN,500
274,2023-10-27 14:14:06,user_409,DELETE,403
275,2023-10-27 14:14:08,user_196,view_product,201
276,2023-10-27 14:14:10,user_404,update_profile,201
277,2023-10-27 14:14:12,user_439,update_profile,200
278,2023-10-27 14:14:14,user_315,logout,200
279,2023-10-27 14:14:16,user_500,DELETE,401
280,2023-10-27 14:14:18,user_37,VIEW_PRODUCT,200
281,2023-10-27 14:14:20,user_361,upload_error,500
282,2023-10-27 14:14:22,user_180,view_product,200
283,2023-10-27 14:14:24,user_202,view_product,400
284,2023-10-27 14:14:26,user_417,upload_error,200
285,2023-10-27 14:14:28,user_160,UPLOAD_ERROR,403
286,2023-10-27 14:14:30,user_189,purchase,200
287,2023-10-27 14:14:32,user_67,purchase,401
288,2023-10-27 14:14:34,user_33,logout,200
289,2023-10-27 14:14:36,user_20,UPLOAD_ERROR,200
290,2023-10-27 14:14:38,user_82,LOGOUT,200
291,2023-10-27 14:14:40,user_146,PURCHASE,403
292,2023-10-27 14:14:42,user_139,VIEW_PRODUCT,500
293,2023-10-27 14:14:44,user_418,view_product,201
294,2023-10-27 14:14:46,user_116,view_product,200
295,2023-10-27 14:14:48,user_97,logout,200
296,2023-10-27 14:14:50,user_444,UPDATE_PROFILE,200
297,2023-10-27 14:14:52,user_338,update_profile,201
298,2023-10-27 14:14:54,user_466,update_profile,200
299,2023-10-27 14:14:56,user_74,update_profile,200
300,2023-10-27 14:14:58,user_39,LOGIN,403
301,2023-10-27 14:15:00,user_148,view_product,401
302,2023-10-27 14:15:02,user_221,UPDATE_PROFILE,201
303,2023-10-27 14:15:04,,login,200
304,2023-10-27 14:15:06,,UPDATE_PROFILE,200
305,2023-10-27 14:15:08,user_130,logout,403
306,2023-10-27 14:15:10,user_307,login,200
307,2023-10-27 14:15:12,user_420,LOGIN,403
308,2023-10-27 14:15:14,user_422,view_product,403
309,2023-10-27 14:15:16,user_432,upload_error,200
310,2023-10-27 14:15:18,user_467,login,401
311,2023-10-27 14:15:20,user_139,view_product,401
312,2023-10-27 14:15:22,user_63,VIEW_PRODUCT,201
313,2023-10-27 14:15:24,user_66,UPLOAD_ERROR,401
314,2023-10-27 14:15:26,user_326,update_profile,200
315,2023-10-27 14:15:28,user_203,update_profile,200
316,2023-10-27 14:15:30,user_83,PURCHASE,200
317,2023-10-27 14:15:32,user_422,login,401
318,2023-10-27 14:15:34,user_35,VIEW_PRODUCT,401
319,2023-10-27 14:15:36,user_146,login,500
320,2023-10-27 14:15:38,user_467,VIEW_PRODUCT,400
321,2023-10-27 14:15:40,user_155,UPLOAD_ERROR,400
322,2023-10-27 14:15:42,user_61,upload_error,201
323,2023-10-27 14:15:44,user_7,DELETE,201
324,2023-10-27 14:15:46,user_401,purchase,401
325,2023-10-27 14:15:48,user_398,LOGIN,400
326,2023-10-27 14:15:50,user_253,PURCHASE,401
327,2023-10-27 14:15:52,user_209,LOGIN,200
328,2023-10-27 14:15:54,user_374,delete,500
329,2023-10-27 14:15:56,user_216,LOGOUT,200
330,2023-10-27 14:15:58,user_387,UPDATE_PROFILE,200
331,2023-10-27 14:16:00,,PURCHASE,200
332,2023-10-27 14:16:02,user_205,VIEW_PRODUCT,200
333,2023-10-27 14:16:04,user_368,VIEW_PRODUCT,401
334,2023-10-27 14:16:06,user_349,LOGIN,200
335,2023-10-27 14:16:08,user_81,LOGIN,200
336,2023-10-27 14:16:10,user_456,logout,403
337,2023-10-27 14:16:12,user_500,VIEW_PRODUCT,200
338,2023-10-27 14:16:14,user_428,delete,400
339,2023-10-27 14:16:16,user_105,login,201
340,2023-10-27 14:16:18,user_491,delete,201
341,2023-10-27 14:16:20,user_76,LOGIN,403
342,2023-10-27 14:16:22,user_418,VIEW_PRODUCT,500
343,2023-10-27 14:16:24,user_330,UPDATE_PROFILE,401
344,2023-10-27 14:16:26,user_426,UPLOAD_ERROR,200
345,2023-10-27 14:16:28,user_82,purchase,400
346,2023-10-27 14:16:30,user_268,logout,201
347,2023-10-27 14:16:32,user_465,delete,401
348,2023-10-27 14:16:34,user_87,VIEW_PRODUCT,200
349,2023-10-27 14:16:36,user_388,logout,200
350,2023-10-27 14:16:38,user_41,PURCHASE,401
351,2023-10-27 14:16:40,user_423,VIEW_PRODUCT,403
352,2023-10-27 14:16:42,user_389,purchase,500
353,2023-10-27 14:16:44,user_90,UPLOAD_ERROR,500
354,2023-10-27 14:16:46,user_170,LOGOUT,401
355,2023-10-27 14:16:48,user_6,DELETE,200
356,2023-10-27 14:16:50,user_28,delete,200
357,2023-10-27 14:16:52,user_458,PURCHASE,500
358,2023-10-27 14:16:54,user_202,purchase,200
359,2023-10-27 14:16:56,user_347,PURCHASE,403
360,2023-10-27 14:16:58,user_290,UPDATE_PROFILE,201
361,2023-10-27 14:17:00,user_478,VIEW_PRODUCT,200
362,2023-10-27 14:17:02,user_496,login,401
363,2023-10-27 14:17:04,user_104,UPDATE_PROFILE,400
364,2023-10-27 14:17:06,user_101,UPLOAD_ERROR,400
365,2023-10-27 14:17:08,user_443,delete,403
366,2023-10-27 14:17:10,user_360,update_profile,401
367,2023-10-27 14:17:12,user_9,login,200
368,2023-10-27 14:17:14,user_41,PURCHASE,400
369,2023-10-27 14:17:16,user_211,login,403
370,2023-10-27 14:17:18,user_91,LOGOUT,403
371,2023-10-27 14:17:20,user_95,UPDATE_PROFILE,400
372,2023-10-27 14:17:22,user_37,UPDATE_PROFILE,400
373,2023-10-27 14:17:24,user_120,LOGIN,400
374,2023-10-27 14:17:26,user_346,PURCHASE,200
375,2023-10-27 14:17:28,user_25,UPLOAD_ERROR,403
376,2023-10-27 14:17:30,user_279,purchase,200
377,2023-10-27 14:17:32,user_443,UPDATE_PROFILE,500
378,2023-10-27 14:17:34,user_117,VIEW_PRODUCT,201
379,2023-10-27 14:17:36,user_393,delete,201
380,2023-10-27 14:17:38,user_250,LOGOUT,201
381,2023-10-27 14:17:40,user_383,login,201
382,2023-10-27 14:17:42,user_309,DELETE,403
383,2023-10-27 14:17:44,user_378,UPLOAD_ERROR,200
384,2023-10-27 14:17:46,user_433,login,400
385,2023-10-27 14:17:48,user_204,purchase,201
386,2023-10-27 14:17:50,user_89,UPLOAD_ERROR,401
387,2023-10-27 14:17:52,user_371,UPDATE_PROFILE,200
388,2023-10-27 14:17:54,user_453,VIEW_PRODUCT,500
389,2023-10-27 14:17:56,user_356,view_product,403
390,2023-10-27 14:17:58,user_239,update_profile,403
391,2023-10-27 14:18:00,user_10,view_product,200
392,2023-10-27 14:18:02,user_144,LOGIN,403
393,2023-10-27 14:18:04,user_243,LOGOUT,400
394,2023-10-27 14:18:06,user_186,logout,200
395,2023-10-27 14:18:08,user_31,DELETE,400
396,2023-10-27 14:18:10,user_408,login,403
397,2023-10-27 14:18:12,user_473,VIEW_PRODUCT,500
398,2023-10-27 14:18:14,user_236,update_profile,200
399,2023-10-27 14:18:16,user_88,login,401
400,2023-10-27 14:18:18,user_103,LOGOUT,403
401,2023-10-27 14:18:20,user_211,login,200
402,2023-10-27 14:18:22,user_65,UPDATE_PROFILE,403
403,2023-10-27 14:18:24,,logout,201
404,2023-10-27 14:18:26,,LOGIN,403
405,2023-10-27 14:18:28,user_125,purchase,200
406,2023-10-27 14:18:30,user_366,purchase,400
407,2023-10-27 14:18:32,user_231,login,200
408,2023-10-27 14:18:34,user_169,view_product,201
409,2023-10-27 14:18:36,user_5,LOGIN,500
410,2023-10-27 14:18:38,user_451,DELETE,403
411,2023-10-27 14:18:40,user_360,LOGOUT,201
412,2023-10-27 14:18:42,user_220,LOGOUT,401
413,2023-10-27 14:18:44,user_229,PURCHASE,200
414,2023-10-27 14:18:46,user_363,UPDATE_PROFILE,200
415,2023-10-27 14:18:48,user_460,login,500
416,2023-10-27 14:18:50,user_30,upload_error,200
417,2023-10-27 14:18:52,user_49,VIEW_PRODUCT,200
418,2023-10-27 14:18:54,user_82,PURCHASE,200
419,2023-10-27 14:18:56,user_243,login,500
420,2023-10-27 14:18:58,user_369,LOGIN,200
421,2023-10-27 14:19:00,user_300,LOGIN,200
422,2023-10-27 14:19:02,user_190,DELETE,200
423,2023-10-27 14:19:04,user_237,view_product,200
424,2023-10-27 14:19:06,user_440,DELETE,200
425,2023-10-27 14:19:08,user_47,VIEW_PRODUCT,200
426,2023-10-27 14:19:10,user_263,login,201
427,2023-10-27 14:19:12,user_355,LOGOUT,200
428,2023-10-27 14:19:14,user_470,logout,201
429,2023-10-27 14:19:16,user_180,UPLOAD_ERROR,500
430,2023-10-27 14:19:18,user_281,LOGOUT,401
431,2023-10-27 14:19:20,user_76,LOGOUT,200
432,2023-10-27 14:19:22,,purchase,200
433,2023-10-27 14:19:24,user_160,PURCHASE,403
434,2023-10-27 14:19:26,user_265,upload_error,200
435,2023-10-27 14:19:28,user_491,delete,400
436,2023-10-27 14:19:30,,view_product,200
437,2023-10-27 14:19:32,user_406,login,401
438,2023-10-27 14:19:34,user_213,DELETE,200
439,2023-10-27 14:19:36,user_191,UPLOAD_ERROR,403
440,2023-10-27 14:19:38,user_253,LOGOUT,200
441,2023-10-27 14:19:40,user_447,view_product,201
442,2023-10-27 14:19:42,user_400,update_profile,201
443,2023-10-27 14:19:44,user_137,upload_error,200
444,2023-10-27 14:19:46,user_497,purchase,200
445,2023-10-27 14:19:48,user_395,update_profile,200
446,2023-10-27 14:19:50,user_306,LOGIN,200
447,2023-10-27 14:19:52,user_437,UPDATE_PROFILE,201
448,2023-10-27 14:19:54,user_69,purchase,200
449,2023-10-27 14:19:56,user_74,login,200
450,2023-10-27 14:19:58,user_208,UPDATE_PROFILE,400
451,2023-10-27 14:20:00,user_34,logout,403
452,2023-10-27 14:20:02,user_280,login,500
453,2023-10-27 14:20:04,user_188,UPLOAD_ERROR,200
454,2023-10-27 14:20:06,user_462,logout,403
455,2023-10-27 14:20:08,user_286,DELETE,401
456,2023-10-27 14:20:10,user_142,logout,200
457,2023-10-27 14:20:12,user_76,delete,400
458,2023-10-27 14:20:14,user_473,LOGIN,200
459,2023-10-27 14:20:16,user_165,UPLOAD_ERROR,500
460,2023-10-27 14:20:18,user_173,LOGOUT,403
461,2023-10-27 14:20:20,user_376,LOGIN,403
462,2023-10-27 14:20:22,user_171,update_profile,403
463,2023-10-27 14:20:24,user_402,upload_error,200
464,2023-10-27 14:20:26,user_456,UPLOAD_ERROR,200
465,2023-10-27 14:20:28,user_79,LOGIN,200
466,2023-10-27 14:20:30,user_362,update_profile,200
467,2023-10-27 14:20:32,user_365,delete,201
468,2023-10-27 14:20:34,user_322,PURCHASE,200
469,2023-10-27 14:20:36,user_424,VIEW_PRODUCT,201
470,2023-10-27 14:20:38,user_489,LOGOUT,200
471,2023-10-27 14:20:40,user_116,upload_error,200
472,2023-10-27 14:20:42,user_155,purchase,200
473,2023-10-27 14:20:44,user_97,DELETE,200
474,2023-10-27 14:20:46,user_21,update_profile,400
475,2023-10-27 14:20:48,user_481,login,400
476,2023-10-27 14:20:50,user_360,UPLOAD_ERROR,201
477,2023-10-27 14:20:52,user_335,view_product,401
478,2023-10-27 14:20:54,,view_product,200
479,2023-10-27 14:20:56,user_313,view_product,400
480,2023-10-27 14:20:58,,logout,403
481,2023-10-27 14:21:00,user_214,update_profile,500
482,2023-10-27 14:21:02,user_14,login,401
483,2023-10-27 14:21:04,user_131,delete,500
484,2023-10-27 14:21:06,user_78,UPDATE_PROFILE,201
485,2023-10-27 14:21:08,user_397,DELETE,403
486,2023-10-27 14:21:10,user_139,update_profile,200
487,2023-10-27 14:21:12,user_179,UPDATE_PROFILE,403
488,2023-10-27 14:21:14,user_4,PURCHASE,401
489,2023-10-27 14:21:16,,LOGIN,200
490,2023-10-27 14:21:18,user_315,logout,200
491,2023-10-27 14:21:20,user_183,view_product,200
492,2023-10-27 14:21:22,user_156,update_profile,500
493,2023-10-27 14:21:24,user_448,LOGIN,201
494,2023-10-27 14:21:26,user_202,LOGOUT,400
495,2023-10-27 14:21:28,user_328,update_profile,401
496,2023-10-27 14:21:30,user_93,LOGIN,500
497,2023-10-27 14:21:32,user_330,purchase,500
498,2023-10-27 14:21:34,user_158,upload_error,200
499,2023-10-27 14:21:36,user_225,VIEW_PRODUCT,200
500,2023-10-27 14:21:38,user_43,delete,400
501,2023-10-27 14:21:40,,UPLOAD_ERROR,401
502,2023-10-27 14:21:42,user_97,upload_error,201
503,2023-10-27 14:21:44,user_111,login,201
504,2023-10-27 14:21:46,,delete,401
505,2023-10-27 14:21:48,user_59,PURCHASE,200
506,2023-10-27 14:21:50,user_407,purchase,401
507,2023-10-27 14:21:52,user_442,PURCHASE,401
508,2023-10-27 14:21:54,user_75,PURCHASE,500
509,2023-10-27 14:21:56,user_4,LOGIN,403
510,2023-10-27 14:21:58,user_335,login,200
511,2023-10-27 14:22:00,user_390,DELETE,500
512,2023-10-27 14:22:02,user_220,purchase,400
513,2023-10-27 14:22:04,user_252,login,200
514,2023-10-27 14:22:06,user_104,login,200
515,2023-10-27 14:22:08,user_271,purchase,400
516,2023-10-27 14:22:10,user_58,view_product,200
517,2023-10-27 14:22:12,user_281,VIEW_PRODUCT,201
518,2023-10-27 14:22:14,user_360,view_product,401
519,2023-10-27 14:22:16,user_149,update_profile,500
520,2023-10-27 14:22:18,user_399,DELETE,403
521,2023-10-27 14:22:20,user_323,LOGOUT,401
522,2023-10-27 14:22:22,user_104,UPLOAD_ERROR,201
523,2023-10-27 14:22:24,user_358,delete,200
524,2023-10-27 14:22:26,user_161,upload_error,201
525,2023-10-27 14:22:28,user_210,LOGIN,401
526,2023-10-27 14:22:30,user_21,view_product,201
527,2023-10-27 14:22:32,user_358,DELETE,200
528,2023-10-27 14:22:34,user_146,VIEW_PRODUCT,500
529,2023-10-27 14:22:36,user_29,view_product,500
530,2023-10-27 14:22:38,user_126,delete,200
531,2023-10-27 14:22:40,user_207,login,200
532,2023-10-27 14:22:42,user_272,UPDATE_PROFILE,200
533,2023-10-27 14:22:44,user_446,purchase,201
534,2023-10-27 14:22:46,user_4,LOGIN,500
535,2023-10-27 14:22:48,user_134,purchase,200
536,2023-10-27 14:22:50,user_473,delete,200
537,2023-10-27 14:22:52,user_474,login,403
538,2023-10-27 14:22:54,user_396,VIEW_PRODUCT,403
539,2023-10-27 14:22:56,user_192,login,500
540,2023-10-27 14:22:58,user_314,UPLOAD_ERROR,200
541,2023-10-27 14:23:00,user_86,login,403
542,2023-10-27 14:23:02,user_470,UPDATE_PROFILE,500
543,2023-10-27 14:23:04,user_113,UPDATE_PROFILE,201
544,2023-10-27 14:23:06,user_164,delete,500
545,2023-10-27 14:23:08,user_392,VIEW_PRODUCT,401
546,2023-10-27 14:23:10,user_268,view_product,403
547,2023-10-27 14:23:12,user_442,upload_error,403
548,2023-10-27 14:23:14,user_14,delete,403
549,2023-10-27 14:23:16,user_449,DELETE,500
550,2023-10-27 14:23:18,user_425,update_profile,200
551,2023-10-27 14:23:20,user_484,PURCHASE,500
552,2023-10-27 14:23:22,user_461,UPLOAD_ERROR,403
553,2023-10-27 14:23:24,,VIEW_PRODUCT,200
554,2023-10-27 14:23:26,user_294,LOGOUT,403
555,2023-10-27 14:23:28,user_370,LOGOUT,200
556,2023-10-27 14:23:30,user_128,LOGOUT,500
557,2023-10-27 14:23:32,user_132,purchase,201
558,2023-10-27 14:23:34,user_455,UPDATE_PROFILE,403
559,2023-10-27 14:23:36,user_496,upload_error,200
560,2023-10-27 14:23:38,user_166,upload_error,500
561,2023-10-27 14:23:40,user_20,LOGIN,400
562,2023-10-27 14:23:42,user_406,LOGIN,200
563,2023-10-27 14:23:44,user_294,view_product,201
564,2023-10-27 14:23:46,user_67,UPLOAD_ERROR,403
565,2023-10-27 14:23:48,user_449,UPLOAD_ERROR,201
566,2023-10-27 14:23:50,user_290,login,400
567,2023-10-27 14:23:52,user_225,UPLOAD_ERROR,403
568,2023-10-27 14:23:54,user_193,LOGIN,201
569,2023-10-27 14:23:56,user_379,update_profile,200
570,2023-10-27 14:23:58,user_460,PURCHASE,200
571,2023-10-27 14:24:00,user_380,view_product,400
572,2023-10-27 14:24:02,user_461,PURCHASE,403
573,2023-10-27 14:24:04,user_326,DELETE,500
574,2023-10-27 14:24:06,user_90,LOGIN,500
575,2023-10-27 14:24:08,user_382,logout,201
576,2023-10-27 14:24:10,user_171,LOGIN,401
577,2023-10-27 14:24:12,user_67,view_product,500
578,2023-10-27 14:24:14,user_415,PURCHASE,403
579,2023-10-27 14:24:16,user_348,view_product,401
580,2023-10-27 14:24:18,user_386,login,403
581,2023-10-27 14:24:20,user_251,view_product,201
582,2023-10-27 14:24:22,user_479,UPDATE_PROFILE,200
583,2023-10-27 14:24:24,user_169,purchase,500
584,2023-10-27 14:24:26,user_371,DELETE,403
585,2023-10-27 14:24:28,user_70,LOGIN,500
586,2023-10-27 14:24:30,user_300,PURCHASE,200
587,2023-10-27 14:24:32,user_448,purchase,200
588,2023-10-27 14:24:34,user_328,purchase,200
589,2023-10-27 14:24:36,user_242,login,500
590,2023-10-27 14:24:38,user_316,update_profile,400
591,2023-10-27 14:24:40,user_308,LOGIN,401
592,2023-10-27 14:24:42,user_401,update_profile,401
593,2023-10-27 14:24:44,user_39,UPDATE_PROFILE,400
594,2023-10-27 14:24:46,,UPLOAD_ERROR,400
595,2023-10-27 14:24:48,user_227,DELETE,400
596,2023-10-27 14:24:50,user_348,UPLOAD_ERROR,403
597,2023-10-27 14:24:52,user_121,logout,403
598,2023-10-27 14:24:54,user_110,view_product,401
599,2023-10-27 14:24:56,user_279,VIEW_PRODUCT,500
600,2023-10-27 14:24:58,user_402,view_product,500
601,2023-10-27 14:25:00,user_240,PURCHASE,500
602,2023-10-27 14:25:02,user_488,LOGOUT,403
603,2023-10-27 14:25:04,user_172,DELETE,200
604,2023-10-27 14:25:06,user_317,LOGOUT,200
605,2023-10-27 14:25:08,user_101,LOGOUT,200
606,2023-10-27 14:25:10,user_309,view_product,401
607,2023-10-27 14:25:12,user_320,VIEW_PRODUCT,200
608,2023-10-27 14:25:14,user_457,PURCHASE,200
609,2023-10-27 14:25:16,user_60,delete,201
610,2023-10-27 14:25:18,user_364,VIEW_PRODUCT,500
611,2023-10-27 14:25:20,user_445,login,401
612,2023-10-27 14:25:22,user_499,LOGOUT,200
613,2023-10-27 14:25:24,user_347,LOGOUT,403
614,2023-10-27 14:25:26,user_276,VIEW_PRODUCT,401
615,2023-10-27 14:25:28,user_242,VIEW_PRODUCT,400
616,2023-10-27 14:25:30,user_176,delete,200
617,2023-10-27 14:25:32,user_165,logout,200
618,2023-10-27 14:25:34,user_239,LOGOUT,200
619,2023-10-27 14:25:36,user_8,delete,401
620,2023-10-27 14:25:38,user_156,UPDATE_PROFILE,200
621,2023-10-27 14:25:40,user_266,upload_error,401
622,2023-10-27 14:25:42,user_81,UPDATE_PROFILE,200
623,2023-10-27 14:25:44,user_202,upload_error,201
624,2023-10-27 14:25:46,user_313,DELETE,200
625,2023-10-27 14:25:48,user_423,upload_error,200
626,2023-10-27 14:25:50,user_244,DELETE,403
627,2023-10-27 14:25:52,user_308,update_profile,200
628,2023-10-27 14:25:54,user_331,delete,401
629,2023-10-27 14:25:56,user_14,UPLOAD_ERROR,403
630,2023-10-27 14:25:58,user_90,delete,403
631,2023-10-27 14:26:00,user_352,upload_error,401
632,2023-10-27 14:26:02,user_471,logout,201
633,2023-10-27 14:26:04,user_493,logout,200
634,2023-10-27 14:26:06,user_297,update_profile,400
635,2023-10-27 14:26:08,user_259,LOGIN,201
636,2023-10-27 14:26:10,user_21,VIEW_PRODUCT,403
637,2023-10-27 14:26:12,user_483,UPDATE_PROFILE,403
638,2023-10-27 14:26:14,user_247,purchase,200
639,2023-10-27 14:26:16,user_209,view_product,200
640,2023-10-27 14:26:18,user_167,purchase,400
641,2023-10-27 14:26:20,user_440,update_profile,200
642,2023-10-27 14:26:22,user_243,upload_error,200
643,2023-10-27 14:26:24,user_464,upload_error,403
644,2023-10-27 14:26:26,user_115,DELETE,403
645,2023-10-27 14:26:28,user_54,update_profile,200
646,2023-10-27 14:26:30,user_99,delete,200
647,2023-10-27 14:26:32,user_153,view_product,200
648,2023-10-27 14:26:34,user_413,update_profile,401
649,2023-10-27 14:26:36,user_248,update_profile,500
650,2023-10-27 14:26:38,user_407,purchase,401
651,2023-10-27 14:26:40,user_18,upload_error,200
652,2023-10-27 14:26:42,user_333,PURCHASE,200
653,2023-10-27 14:26:44,user_116,LOGOUT,200
654,2023-10-27 14:26:46,user_338,PURCHASE,401
655,2023-10-27 14:26:48,user_450,view_product,401
656,2023-10-27 14:26:50,user_318,upload_error,201
657,2023-10-27 14:26:52,user_479,DELETE,403
658,2023-10-27 14:26:54,user_24,DELETE,201
659,2023-10-27 14:26:56,user_428,UPLOAD_ERROR,400
660,2023-10-27 14:26:58,user_113,delete,500
661,2023-10-27 14:27:00,user_5,update_profile,500
662,2023-10-27 14:27:02,user_409,update_profile,403
663,2023-10-27 14:27:04,user_74,purchase,201
664,2023-10-27 14:27:06,user_123,upload_error,200
665,2023-10-27 14:27:08,user_215,LOGOUT,200
666,2023-10-27 14:27:10,user_301,LOGOUT,500
667,2023-10-27 14:27:12,,delete,401
668,2023-10-27 14:27:14,user_483,purchase,500
669,2023-10-27 14:27:16,user_343,logout,403
670,2023-10-27 14:27:18,user_246,PURCHASE,403
671,2023-10-27 14:27:20,user_481,update_profile,401
672,2023-10-27 14:27:22,user_424,delete,200
673,2023-10-27 14:27:24,user_210,LOGIN,401
674,2023-10-27 14:27:26,user_401,purchase,200
675,2023-10-27 14:27:28,user_223,view_product,200
676,2023-10-27 14:27:30,user_368,view_product,200
677,2023-10-27 14:27:32,user_75,UPDATE_PROFILE,200
678,2023-10-27 14:27:34,user_329,UPDATE_PROFILE,400
679,2023-10-27 14:27:36,user_40,logout,200
680,2023-10-27 14:27:38,user_335,UPDATE_PROFILE,200
681,2023-10-27 14:27:40,user_151,DELETE,500
682,2023-10-27 14:27:42,user_87,view_product,400
683,2023-10-27 14:27:44,user_31,DELETE,401
684,2023-10-27 14:27:46,user_257,view_product,400
685,2023-10-27 14:27:48,user_94,logout,401
686,2023-10-27 14:27:50,user_332,upload_error,200
687,2023-10-27 14:27:52,user_420,upload_error,201
688,2023-10-27 14:27:54,user_313,delete,401
689,2023-10-27 14:27:56,user_497,upload_error,400
690,2023-10-27 14:27:58,user_170,PURCHASE,200
691,2023-10-27 14:28:00,user_110,DELETE,200
692,2023-10-27 14:28:02,user_351,login,400
693,2023-10-27 14:28:04,,UPDATE_PROFILE,200
694,2023-10-27 14:28:06,user_89,view_product,200
695,2023-10-27 14:28:08,user_223,purchase,200
696,2023-10-27 14:28:10,user_427,login,201
697,2023-10-27 14:28:12,,update_profile,400
698,2023-10-27 14:28:14,user_11,LOGOUT,200
699,2023-10-27 14:28:16,user_14,LOGOUT,500
700,2023-10-27 14:28:18,user_120,delete,200
701,2023-10-27 14:28:20,user_246,logout,401
702,2023-10-27 14:28:22,user_178,upload_error,201
703,2023-10-27 14:28:24,user_447,login,200
704,2023-10-27 14:28:26,user_304,UPDATE_PROFILE,500
705,2023-10-27 14:28:28,user_358,LOGOUT,201
706,2023-10-27 14:28:30,user_182,LOGOUT,200
707,2023-10-27 14:28:32,user_336,upload_error,403
708,2023-10-27 14:28:34,user_95,LOGOUT,500
709,2023-10-27 14:28:36,user_251,UPDATE_PROFILE,500
710,2023-10-27 14:28:38,user_79,VIEW_PRODUCT,200
711,2023-10-27 14:28:40,user_268,view_product,401
712,2023-10-27 14:28:42,user_202,LOGIN,400
713,2023-10-27 14:28:44,user_487,logout,201
714,2023-10-27 14:28:46,,PURCHASE,401
715,2023-10-27 14:28:48,user_484,logout,401
716,2023-10-27 14:28:50,user_124,logout,500
717,2023-10-27 14:28:52,user_365,purchase,400
718,2023-10-27 14:28:54,user_99,delete,401
719,2023-10-27 14:28:56,user_36,DELETE,200
720,2023-10-27 14:28:58,user_23,DELETE,201
721,2023-10-27 14:29:00,user_394,login,200
722,2023-10-27 14:29:02,user_494,logout,400
723,2023-10-27 14:29:04,user_86,view_product,200
724,2023-10-27 14:29:06,user_1,logout,403
725,2023-10-27 14:29:08,,PURCHASE,400
726,2023-10-27 14:29:10,user_82,update_profile,403
727,2023-10-27 14:29:12,user_16,UPDATE_PROFILE,401
728,2023-10-27 14:29:14,user_322,LOGOUT,403
729,2023-10-27 14:29:16,user_492,view_product,200
730,2023-10-27 14:29:18,user_386,view_product,200
731,2023-10-27 14:29:20,user_352,UPLOAD_ERROR,200
732,2023-10-27 14:29:22,user_319,view_product,200
733,2023-10-27 14:29:24,user_434,UPDATE_PROFILE,500
734,2023-10-27 14:29:26,user_234,LOGIN,401
735,2023-10-27 14:29:28,user_487,view_product,200
736,2023-10-27 14:29:30,user_353,LOGOUT,401
737,2023-10-27 14:29:32,user_245,delete,401
738,2023-10-27 14:29:34,,purchase,201
739,2023-10-27 14:29:36,user_88,UPLOAD_ERROR,200
740,2023-10-27 14:29:38,user_88,LOGOUT,200
741,2023-10-27 14:29:40,user_12,PURCHASE,500
742,2023-10-27 14:29:42,user_15,update_profile,401
743,2023-10-27 14:29:44,user_441,LOGIN,201
744,2023-10-27 14:29:46,,login,200
745,2023-10-27 14:29:48,user_33,VIEW_PRODUCT,401
746,2023-10-27 14:29:50,user_30,UPDATE_PROFILE,200
747,2023-10-27 14:29:52,user_58,update_profile,200
748,2023-10-27 14:29:54,user_340,LOGOUT,200
749,2023-10-27 14:29:56,user_68,upload_error,201
750,2023-10-27 14:29:58,user_111,UPDATE_PROFILE,200
751,2023-10-27 14:30:00,user_453,delete,403
752,2023-10-27 14:30:02,user_74,LOGIN,200
753,2023-10-27 14:30:04,user_374,LOGIN,401
754,2023-10-27 14:30:06,user_271,upload_error,500
755,2023-10-27 14:30:08,user_396,view_product,400
756,2023-10-27 14:30:10,user_446,PURCHASE,200
757,2023-10-27 14:30:12,user_401,purchase,201
758,2023-10-27 14:30:14,user_353,VIEW_PRODUCT,200
759,2023-10-27 14:30:16,user_349,logout,500
760,2023-10-27 14:30:18,user_42,PURCHASE,200
761,2023-10-27 14:30:20,user_447,view_product,200
762,2023-10-27 14:30:22,user_480,VIEW_PRODUCT,401
763,2023-10-27 14:30:24,user_323,UPLOAD_ERROR,401
764,2023-10-27 14:30:26,user_164,update_profile,200
765,2023-10-27 14:30:28,user_448,LOGIN,200
766,2023-10-27 14:30:30,user_244,logout,403
767,2023-10-27 14:30:32,user_61,VIEW_PRODUCT,403
768,2023-10-27 14:30:34,user_33,view_product,201
769,2023-10-27 14:30:36,user_444,view_product,200
770,2023-10-27 14:30:38,user_324,DELETE,401
771,2023-10-27 14:30:40,user_76,logout,400
772,2023-10-27 14:30:42,user_189,UPLOAD_ERROR,200
773,2023-10-27 14:30:44,user_316,LOGIN,200
774,2023-10-27 14:30:46,user_361,view_product,200
775,2023-10-27 14:30:48,user_477,purchase,401
776,2023-10-27 14:30:50,user_359,UPLOAD_ERROR,200
777,2023-10-27 14:30:52,user_439,LOGIN,200
778,2023-10-27 14:30:54,user_446,view_product,201
779,2023-10-27 14:30:56,user_451,logout,500
780,2023-10-27 14:30:58,user_327,VIEW_PRODUCT,201
781,2023-10-27 14:31:00,user_3,logout,500
782,2023-10-27 14:31:02,user_471,delete,400
783,2023-10-27 14:31:04,user_185,login,400
784,2023-10-27 14:31:06,user_29,login,200
785,2023-10-27 14:31:08,user_176,VIEW_PRODUCT,403
786,2023-10-27 14:31:10,user_246,LOGIN,400
787,2023-10-27 14:31:12,user_368,update_profile,401
788,2023-10-27 14:31:14,user_355,view_product,400
789,2023-10-27 14:31:16,user_54,VIEW_PRODUCT,201
790,2023-10-27 14:31:18,user_89,update_profile,401
791,2023-10-27 14:31:20,user_302,login,200
792,2023-10-27 14:31:22,user_383,UPLOAD_ERROR,200
793,2023-10-27 14:31:24,user_285,LOGOUT,200
794,2023-10-27 14:31:26,user_41,update_profile,200
795,2023-10-27 14:31:28,user_84,upload_error,200
796,2023-10-27 14:31:30,,DELETE,401
797,2023-10-27 14:31:32,user_396,UPDATE_PROFILE,500
798,2023-10-27 14:31:34,user_59,view_product,400
799,2023-10-27 14:31:36,user_60,PURCHASE,403
800,2023-10-27 14:31:38,user_85,LOGOUT,201
801,2023-10-27 14:31:40,user_113,UPLOAD_ERROR,201
802,2023-10-27 14:31:42,user_100,view_product,500
803,2023-10-27 14:31:44,user_80,view_product,500
804,2023-10-27 14:31:46,user_431,LOGOUT,403
805,2023-10-27 14:31:48,user_246,update_profile,200
806,2023-10-27 14:31:50,,upload_error,400
807,2023-10-27 14:31:52,user_479,LOGOUT,403
808,2023-10-27 14:31:54,user_405,view_product,403
809,2023-10-27 14:31:56,user_390,login,200
810,2023-10-27 14:31:58,user_135,login,401
811,2023-10-27 14:32:00,user_335,logout,500
812,2023-10-27 14:32:02,user_251,update_profile,403
813,2023-10-27 14:32:04,user_467,PURCHASE,403
814,2023-10-27 14:32:06,user_472,UPDATE_PROFILE,200
815,2023-10-27 14:32:08,user_453,upload_error,400
816,2023-10-27 14:32:10,user_84,delete,200
817,2023-10-27 14:32:12,user_359,logout,200
818,2023-10-27 14:32:14,user_411,logout,400
819,2023-10-27 14:32:16,user_161,DELETE,401
820,2023-10-27 14:32:18,user_404,UPLOAD_ERROR,200
821,2023-10-27 14:32:20,user_415,UPLOAD_ERROR,401
822,2023-10-27 14:32:22,user_455,delete,200
823,2023-10-27 14:32:24,user_310,login,200
824,2023-10-27 14:32:26,,LOGOUT,201
825,2023-10-27 14:32:28,user_220,VIEW_PRODUCT,400
826,2023-10-27 14:32:30,user_162,DELETE,500
827,2023-10-27 14:32:32,user_105,PURCHASE,200
828,2023-10-27 14:32:34,user_255,VIEW_PRODUCT,400
829,2023-10-27 14:32:36,user_458,update_profile,200
830,2023-10-27 14:32:38,user_414,PURCHASE,403
831,2023-10-27 14:32:40,user_294,purchase,400
832,2023-10-27 14:32:42,user_108,update_profile,200
833,2023-10-27 14:32:44,user_91,update_profile,200
834,2023-10-27 14:32:46,user_284,UPDATE_PROFILE,200
835,2023-10-27 14:32:48,user_34,LOGIN,200
836,2023-10-27 14:32:50,user_230,upload_error,200
837,2023-10-27 14:32:52,user_169,upload_error,200
838,2023-10-27 14:32:54,user_408,PURCHASE,200
839,2023-10-27 14:32:56,user_330,LOGIN,403
840,2023-10-27 14:32:58,user_253,DELETE,403
841,2023-10-27 14:33:00,user_155,UPLOAD_ERROR,500
842,2023-10-27 14:33:02,,upload_error,401
843,2023-10-27 14:33:04,user_214,logout,500
844,2023-10-27 14:33:06,,LOGIN,401
845,2023-10-27 14:33:08,user_169,UPLOAD_ERROR,201
846,2023-10-27 14:33:10,user_402,LOGIN,201
847,2023-10-27 14:33:12,user_43,purchase,200
848,2023-10-27 14:33:14,user_444,logout,200
849,2023-10-27 14:33:16,user_4,delete,200
850,2023-10-27 14:33:18,user_489,purchase,401
851,2023-10-27 14:33:20,user_228,LOGOUT,200
852,2023-10-27 14:33:22,user_472,upload_error,200
853,2023-10-27 14:33:24,user_49,logout,401
854,2023-10-27 14:33:26,,login,201
855,2023-10-27 14:33:28,,UPDATE_PROFILE,200
856,2023-10-27 14:33:30,,LOGOUT,200
857,2023-10-27 14:33:32,user_309,purchase,500
858,2023-10-27 14:33:34,user_410,purchase,200
859,2023-10-27 14:33:36,user_325,logout,500
860,2023-10-27 14:33:38,user_340,update_profile,500
861,2023-10-27 14:33:40,,logout,201
862,2023-10-27 14:33:42,,view_product,401
863,2023-10-27 14:33:44,user_36,UPLOAD_ERROR,200
864,2023-10-27 14:33:46,user_238,VIEW_PRODUCT,201
865,2023-10-27 14:33:48,,update_profile,403
866,2023-10-27 14:33:50,user_118,view_product,201
867,2023-10-27 14:33:52,,VIEW_PRODUCT,500
868,2023-10-27 14:33:54,user_171,DELETE,400
869,2023-10-27 14:33:56,user_184,UPDATE_PROFILE,200
870,2023-10-27 14:33:58,user_218,logout,500
871,2023-10-27 14:34:00,user_425,purchase,403
872,2023-10-27 14:34:02,,delete,401
873,2023-10-27 14:34:04,user_390,PURCHASE,401
874,2023-10-27 14:34:06,user_178,delete,403
875,2023-10-27 14:34:08,user_329,delete,403
876,2023-10-27 14:34:10,user_37,VIEW_PRODUCT,200
877,2023-10-27 14:34:12,user_470,VIEW_PRODUCT,200
878,2023-10-27 14:34:14,user_450,LOGIN,401
879,2023-10-27 14:34:16,user_51,update_profile,400
880,2023-10-27 14:34:18,user_4,LOGOUT,401
881,2023-10-27 14:34:20,user_369,LOGOUT,500
882,2023-10-27 14:34:22,user_318,DELETE,201
883,2023-10-27 14:34:24,user_99,LOGOUT,200
884,2023-10-27 14:34:26,user_463,UPLOAD_ERROR,200
885,2023-10-27 14:34:28,user_410,UPDATE_PROFILE,500
886,2023-10-27 14:34:30,user_203,LOGIN,500
887,2023-10-27 14:34:32,user_113,LOGOUT,500
888,2023-10-27 14:34:34,user_385,view_product,401
889,2023-10-27 14:34:36,user_57,login,400
890,2023-10-27 14:34:38,user_134,logout,201
891,2023-10-27 14:34:40,user_165,login,400
892,2023-10-27 14:34:42,user_219,LOGOUT,500
893,2023-10-27 14:34:44,user_175,update_profile,403
894,2023-10-27 14:34:46,user_212,UPLOAD_ERROR,500
895,2023-10-27 14:34:48,user_216,logout,200
896,2023-10-27 14:34:50,user_337,view_product,400
897,2023-10-27 14:34:52,user_296,UPLOAD_ERROR,403
898,2023-10-27 14:34:54,user_367,upload_error,200
899,2023-10-27 14:34:56,user_136,purchase,400
900,2023-10-27 14:34:58,user_221,VIEW_PRODUCT,400
901,2023-10-27 14:35:00,user_422,purchase,403
902,2023-10-27 14:35:02,user_268,logout,200
903,2023-10-27 14:35:04,user_58,DELETE,500
904,2023-10-27 14:35:06,user_278,LOGIN,200
905,2023-10-27 14:35:08,user_217,upload_error,400
906,2023-10-27 14:35:10,user_329,UPDATE_PROFILE,401
907,2023-10-27 14:35:12,user_266,UPLOAD_ERROR,200
908,2023-10-27 14:35:14,user_444,view_product,201
909,2023-10-27 14:35:16,user_399,update_profile,201
910,2023-10-27 14:35:18,user_35,LOGIN,401
911,2023-10-27 14:35:20,user_442,delete,200
912,2023-10-27 14:35:22,user_104,LOGOUT,500
913,2023-10-27 14:35:24,user_379,logout,500
914,2023-10-27 14:35:26,user_160,LOGOUT,401
915,2023-10-27 14:35:28,user_132,LOGIN,200
916,2023-10-27 14:35:30,user_31,UPDATE_PROFILE,200
917,2023-10-27 14:35:32,user_376,UPLOAD_ERROR,200
918,2023-10-27 14:35:34,user_412,UPLOAD_ERROR,403
919,2023-10-27 14:35:36,user_372,UPLOAD_ERROR,400
920,2023-10-27 14:35:38,user_317,update_profile,500
921,2023-10-27 14:35:40,user_176,logout,400
922,2023-10-27 14:35:42,user_379,UPDATE_PROFILE,201
923,2023-10-27 14:35:44,user_307,update_profile,400
924,2023-10-27 14:35:46,user_105,delete,401
925,2023-10-27 14:35:48,user_284,delete,500
926,2023-10-27 14:35:50,user_406,logout,201
927,2023-10-27 14:35:52,user_142,purchase,401
928,2023-10-27 14:35:54,user_236,PURCHASE,201
929,2023-10-27 14:35:56,user_261,UPDATE_PROFILE,500
930,2023-10-27 14:35:58,user_340,UPLOAD_ERROR,400
931,2023-10-27 14:36:00,user_135,upload_error,200
932,2023-10-27 14:36:02,user_107,purchase,400
933,2023-10-27 14:36:04,user_297,login,401
934,2023-10-27 14:36:06,user_338,login,500
935,2023-10-27 14:36:08,user_44,delete,200
936,2023-10-27 14:36:10,user_51,login,400
937,2023-10-27 14:36:12,user_362,UPDATE_PROFILE,200
938,2023-10-27 14:36:14,user_25,UPDATE_PROFILE,201
939,2023-10-27 14:36:16,user_379,DELETE,200
940,2023-10-27 14:36:18,user_183,logout,500
941,2023-10-27 14:36:20,,delete,200
942,2023-10-27 14:36:22,,login,200
943,2023-10-27 14:36:24,user_446,LOGIN,400
944,2023-10-27 14:36:26,user_312,upload_error,201
945,2023-10-27 14:36:28,user_291,LOGIN,500
946,2023-10-27 14:36:30,user_146,VIEW_PRODUCT,400
947,2023-10-27 14:36:32,user_437,view_product,201
948,2023-10-27 14:36:34,user_458,UPLOAD_ERROR,401
949,2023-10-27 14:36:36,user_470,purchase,200
950,2023-10-27 14:36:38,user_156,LOGIN,200
951,2023-10-27 14:36:40,user_136,LOGIN,403
952,2023-10-27 14:36:42,user_291,purchase,200
953,2023-10-27 14:36:44,user_44,PURCHASE,403
954,2023-10-27 14:36:46,user_315,LOGIN,500
955,2023-10-27 14:36:48,user_136,upload_error,403
956,2023-10-27 14:36:50,user_442,UPLOAD_ERROR,200
957,2023-10-27 14:36:52,user_463,PURCHASE,400
958,2023-10-27 14:36:54,,purchase,200
959,2023-10-27 14:36:56,user_119,view_product,201
960,2023-10-27 14:36:58,user_44,view_product,400
961,2023-10-27 14:37:00,user_367,update_profile,200
962,2023-10-27 14:37:02,user_294,VIEW_PRODUCT,200
963,2023-10-27 14:37:04,user_135,upload_error,200
964,2023-10-27 14:37:06,user_494,VIEW_PRODUCT,401
965,2023-10-27 14:37:08,user_103,LOGOUT,200
966,2023-10-27 14:37:10,,delete,401
967,2023-10-27 14:37:12,user_218,delete,401
968,2023-10-27 14:37:14,user_234,LOGIN,401
969,2023-10-27 14:37:16,user_82,login,200
970,2023-10-27 14:37:18,user_428,login,200
971,2023-10-27 14:37:20,user_357,update_profile,500
972,2023-10-27 14:37:22,user_159,delete,500
973,2023-10-27 14:37:24,user_215,purchase,403
974,2023-10-27 14:37:26,user_149,update_profile,201
975,2023-10-27 14:37:28,user_398,UPLOAD_ERROR,200
976,2023-10-27 14:37:30,user_325,UPDATE_PROFILE,200
977,2023-10-27 14:37:32,user_459,UPDATE_PROFILE,400
978,2023-10-27 14:37:34,user_162,VIEW_PRODUCT,401
979,2023-10-27 14:37:36,user_494,logout,400
980,2023-10-27 14:37:38,user_98,VIEW_PRODUCT,200
981,2023-10-27 14:37:40,user_368,purchase,200
982,2023-10-27 14:37:42,user_145,update_profile,400
983,2023-10-27 14:37:44,,LOGOUT,200
984,2023-10-27 14:37:46,user_168,LOGIN,200
985,2023-10-27 14:37:48,user_233,view_product,403
986,2023-10-27 14:37:50,user_52,view_product,401
987,2023-10-27 14:37:52,user_226,VIEW_PRODUCT,401
988,2023-10-27 14:37:54,user_247,purchase,401
989,2023-10-27 14:37:56,user_430,PURCHASE,200
990,2023-10-27 14:37:58,user_51,view_product,201
991,2023-10-27 14:38:00,user_234,login,200
992,2023-10-27 14:38:02,user_92,UPDATE_PROFILE,401
993,2023-10-27 14:38:04,user_175,upload_error,403
994,2023-10-27 14:38:06,user_98,LOGOUT,400
995,2023-10-27 14:38:08,user_383,upload_error,201
996,2023-10-27 14:38:10,user_293,PURCHASE,400
997,2023-10-27 14:38:12,user_454,UPDATE_PROFILE,403
998,2023-10-27 14:38:14,user_359,delete,401
999,2023-10-27 14:38:16,user_247,UPDATE_PROFILE,400
1000,2023-10-27 14:38:18,user_335,DELETE,401
1001,2023-10-27 14:38:20,user_478,view_product,201
1002,2023-10-27 14:38:22,user_372,logout,200
1003,2023-10-27 14:38:24,user_286,purchase,400
1004,2023-10-27 14:38:26,user_262,logout,200
1005,2023-10-27 14:38:28,user_91,LOGIN,500
1006,2023-10-27 14:38:30,user_444,login,400
1007,2023-10-27 14:38:32,user_227,UPLOAD_ERROR,200
1008,2023-10-27 14:38:34,user_216,login,200
1009,2023-10-27 14:38:36,user_386,LOGIN,200
1010,2023-10-27 14:38:38,user_432,LOGOUT,401
1011,2023-10-27 14:38:40,user_350,PURCHASE,200
1012,2023-10-27 14:38:42,user_429,UPLOAD_ERROR,401
1013,2023-10-27 14:38:44,user_199,purchase,403
1014,2023-10-27 14:38:46,user_148,upload_error,400
1015,2023-10-27 14:38:48,user_60,login,200
1016,2023-10-27 14:38:50,user_117,UPDATE_PROFILE,400
1017,2023-10-27 14:38:52,user_437,UPDATE_PROFILE,500
1018,2023-10-27 14:38:54,user_28,PURCHASE,200
1019,2023-10-27 14:38:56,user_297,UPLOAD_ERROR,400
1020,2023-10-27 14:38:58,user_234,delete,201
1021,2023-10-27 14:39:00,user_292,UPDATE_PROFILE,201
1022,2023-10-27 14:39:02,user_332,update_profile,401
1023,2023-10-27 14:39:04,user_231,DELETE,201
1024,2023-10-27 14:39:06,user_457,logout,200
1025,2023-10-27 14:39:08,user_157,login,200
1026,2023-10-27 14:39:10,user_198,purchase,200
1027,2023-10-27 14:39:12,user_57,login,400
1028,2023-10-27 14:39:14,user_344,UPDATE_PROFILE,200
1029,2023-10-27 14:39:16,user_83,UPLOAD_ERROR,200
1030,2023-10-27 14:39:18,user_283,login,403
1031,2023-10-27 14:39:20,user_372,logout,200
1032,2023-10-27 14:39:22,user_215,VIEW_PRODUCT,200
1033,2023-10-27 14:39:24,user_8,UPDATE_PROFILE,500
1034,2023-10-27 14:39:26,user_126,update_profile,401
1035,2023-10-27 14:39:28,user_235,PURCHASE,400
1036,2023-10-27 14:39:30,user_478,LOGOUT,200
1037,2023-10-27 14:39:32,user_473,login,400
1038,2023-10-27 14:39:34,user_13,DELETE,500
1039,2023-10-27 14:39:36,user_40,LOGIN,201
1040,2023-10-27 14:39:38,user_134,LOGOUT,200
1041,2023-10-27 14:39:40,user_80,purchase,500
1042,2023-10-27 14:39:42,user_113,PURCHASE,400
1043,2023-10-27 14:39:44,user_396,DELETE,201
1044,2023-10-27 14:39:46,user_425,DELETE,500
1045,2023-10-27 14:39:48,user_268,upload_error,500
1046,2023-10-27 14:39:50,user_460,update_profile,201
1047,2023-10-27 14:39:52,user_284,UPLOAD_ERROR,500
1048,2023-10-27 14:39:54,user_274,LOGIN,400
1049,2023-10-27 14:39:56,user_391,UPDATE_PROFILE,400
1050,2023-10-27 14:39:58,user_437,DELETE,201
1051,2023-10-27 14:40:00,,logout,200
1052,2023-10-27 14:40:02,user_130,upload_error,403
1053,2023-10-27 14:40:04,user_66,login,201
1054,2023-10-27 14:40:06,user_469,PURCHASE,401
1055,2023-10-27 14:40:08,user_185,LOGIN,200
1056,2023-10-27 14:40:10,,PURCHASE,200
1057,2023-10-27 14:40:12,user_478,upload_error,200
1058,2023-10-27 14:40:14,user_256,upload_error,200
1059,2023-10-27 14:40:16,user_287,LOGOUT,400
1060,2023-10-27 14:40:18,,LOGIN,403
1061,2023-10-27 14:40:20,user_183,PURCHASE,401
1062,2023-10-27 14:40:22,user_218,UPLOAD_ERROR,200
1063,2023-10-27 14:40:24,user_374,UPDATE_PROFILE,200
1064,2023-10-27 14:40:26,user_371,UPDATE_PROFILE,401
1065,2023-10-27 14:40:28,user_452,UPLOAD_ERROR,200
1066,2023-10-27 14:40:30,user_37,purchase,403
1067,2023-10-27 14:40:32,user_169,UPDATE_PROFILE,400
1068,2023-10-27 14:40:34,user_245,LOGOUT,403
1069,2023-10-27 14:40:36,user_265,DELETE,403
1070,2023-10-27 14:40:38,user_266,delete,200
1071,2023-10-27 14:40:40,user_313,delete,401
1072,2023-10-27 14:40:42,user_243,VIEW_PRODUCT,200
1073,2023-10-27 14:40:44,user_316,UPLOAD_ERROR,200
1074,2023-10-27 14:40:46,,UPLOAD_ERROR,401
1075,2023-10-27 14:40:48,user_375,update_profile,200
1076,2023-10-27 14:40:50,user_268,delete,400
1077,2023-10-27 14:40:52,user_259,update_profile,400
1078,2023-10-27 14:40:54,user_115,LOGIN,200
1079,2023-10-27 14:40:56,user_440,UPDATE_PROFILE,400
1080,2023-10-27 14:40:58,user_460,logout,403
1081,2023-10-27 14:41:00,user_218,PURCHASE,500
1082,2023-10-27 14:41:02,user_104,UPLOAD_ERROR,400
1083,2023-10-27 14:41:04,user_129,login,403
1084,2023-10-27 14:41:06,user_239,PURCHASE,200
1085,2023-10-27 14:41:08,user_438,UPDATE_PROFILE,400
1086,2023-10-27 14:41:10,user_228,purchase,200
1087,2023-10-27 14:41:12,user_470,UPDATE_PROFILE,200
1088,2023-10-27 14:41:14,user_63,view_product,201
1089,2023-10-27 14:41:16,user_233,delete,200
1090,2023-10-27 14:41:18,user_285,UPLOAD_ERROR,200
1091,2023-10-27 14:41:20,user_466,login,200
1092,2023-10-27 14:41:22,user_80,LOGIN,200
1093,2023-10-27 14:41:24,user_134,logout,403
1094,2023-10-27 14:41:26,user_12,purchase,400
1095,2023-10-27 14:41:28,user_481,upload_error,403
1096,2023-10-27 14:41:30,user_324,purchase,403
1097,2023-10-27 14:41:32,user_398,purchase,401
1098,2023-10-27 14:41:34,user_76,view_product,403
1099,2023-10-27 14:41:36,user_20,PURCHASE,200
1100,2023-10-27 14:41:38,user_201,logout,200
1101,2023-10-27 14:41:40,user_59,upload_error,403
1102,2023-10-27 14:41:42,user_283,DELETE,200
1103,2023-10-27 14:41:44,user_320,purchase,201
1104,2023-10-27 14:41:46,user_141,UPLOAD_ERROR,200
1105,2023-10-27 14:41:48,user_257,VIEW_PRODUCT,200
1106,2023-10-27 14:41:50,user_458,PURCHASE,201
1107,2023-10-27 14:41:52,user_24,purchase,200
1108,2023-10-27 14:41:54,user_400,update_profile,201
1109,2023-10-27 14:41:56,user_215,update_profile,403
1110,2023-10-27 14:41:58,user_120,PURCHASE,403
1111,2023-10-27 14:42:00,user_418,LOGOUT,401
1112,2023-10-27 14:42:02,user_425,LOGIN,200
1113,2023-10-27 14:42:04,user_370,DELETE,500
1114,2023-10-27 14:42:06,user_10,delete,201
1115,2023-10-27 14:42:08,user_136,UPDATE_PROFILE,400
1116,2023-10-27 14:42:10,user_243,upload_error,500
1117,2023-10-27 14:42:12,user_478,LOGIN,200
1118,2023-10-27 14:42:14,user_314,UPDATE_PROFILE,200
1119,2023-10-27 14:42:16,user_333,delete,403
1120,2023-10-27 14:42:18,user_199,LOGOUT,403
1121,2023-10-27 14:42:20,user_193,UPLOAD_ERROR,403
1122,2023-10-27 14:42:22,user_165,view_product,403
1123,2023-10-27 14:42:24,user_294,LOGIN,403
1124,2023-10-27 14:42:26,user_370,PURCHASE,401
1125,2023-10-27 14:42:28,user_45,upload_error,200
1126,2023-10-27 14:42:30,user_120,DELETE,500
1127,2023-10-27 14:42:32,user_392,purchase,200
1128,2023-10-27 14:42:34,user_259,delete,200
1129,2023-10-27 14:42:36,user_148,LOGIN,400
1130,2023-10-27 14:42:38,user_353,logout,500
1131,2023-10-27 14:42:40,user_279,UPLOAD_ERROR,200
1132,2023-10-27 14:42:42,user_234,upload_error,400
1133,2023-10-27 14:42:44,user_411,LOGOUT,201
1134,2023-10-27 14:42:46,user_46,login,200
1135,2023-10-27 14:42:48,user_28,logout,200
1136,2023-10-27 14:42:50,user_210,UPDATE_PROFILE,500
1137,2023-10-27 14:42:52,user_326,PURCHASE,200
1138,2023-10-27 14:42:54,user_461,PURCHASE,201
1139,2023-10-27 14:42:56,user_352,upload_error,400
1140,2023-10-27 14:42:58,user_215,LOGIN,500
1141,2023-10-27 14:43:00,user_407,VIEW_PRODUCT,201
1142,2023-10-27 14:43:02,user_435,UPDATE_PROFILE,201
1143,2023-10-27 14:43:04,user_154,VIEW_PRODUCT,401
1144,2023-10-27 14:43:06,user_110,LOGOUT,200
1145,2023-10-27 14:43:08,user_63,PURCHASE,400
1146,2023-10-27 14:43:10,user_44,LOGOUT,500
1147,2023-10-27 14:43:12,,login,400
1148,2023-10-27 14:43:14,user_172,DELETE,200
1149,2023-10-27 14:43:16,user_86,view_product,201
1150,2023-10-27 14:43:18,user_306,PURCHASE,200